title,duration
Black Mirror: Bandersnatch,312
Lagaan,224
Jodhaa Akbar,214
The Irishman,209
The Gospel of Luke,205
What's Your Raashee?,203
Doctor Zhivago,200
Elephants Dream 4 Hour,196
Schindler's List,195
Hum Aapke Hain Koun,193
Maine Pyar Kiya,192
The Gospel of Matthew,190
Pardes,187
Mutiny on the Bounty,185
Swades,185
King of Boys,182
Blue Is the Warmest Color,180
Happy New Year,179
Manu,177
Taal,177
Raja Hindustani,177
Dil Hai Tumhaara,176
Hum Saath-Saath Hain,176
Super Deluxe,176
Trimurti,173
Sairat,173
Cloud Atlas,172
Kabir Singh,171
Main Hoon Na,171
Yaadein,171
Petta (Telugu Version),170
Khalnayak,170
Petta,170
Ho Mann Jahaan,170
Om Shanti Om,169
Shakti: The Power,168
The Hateful Eight,168
A Fortunate Man,168
Asoka,168
Mohenjo Daro,168
Gangs of New York,167
Baahubali 2: The Conclusion (Malayalam Version),166
Chalte Chalte,166
Baahubali 2: The Conclusion (Tamil Version),166
Once Upon a Time in the West,166
Dil Se,166
Barsaat,166
Kyun! Ho Gaya Na,165
Baahubali 2: The Conclusion (Hindi Version),165
Pukar,165
Natsamrat - Asa Nat Hone Nahi,165
Kyaa Kool Hai Hum,165
3 Idiots,164
Chamatkar,164
American Honey,163
Shikari,163
Love Ni Bhavai,163
Fiza,163
Palm Trees in the Snow,163
Mujrim,163
Professor,163
Troy,163
The Sinking Of Van Der Wijck,163
English Babu Desi Mem,163
Jaal,162
Manoranjan,162
Sarkar,162
Sarkar,162
Tukaram,162
Dum,162
Players,162
Mersal,162
Drishyam,162
Taare Zameen Par,162
Raajneeti,162
Qila,161
The Gospel of John,161
No Entry,161
Bogda,161
Dangal,161
Andaz Apna Apna,160
One 2 Ka 4,160
Sohni Mahiwal,160
Yuva,160
Baahubali: The Beginning (Malayalam Version),160
Rang De Basanti,159
Zero,159
Phir Bhi Dil Hai Hindustani,159
Baahubali: The Beginning (Tamil Version),159
Sanju,159
Baahubali: The Beginning (Hindi Version),159
Chup Chup Ke,158
Singapore,158
Zodiac,158
Hamara Dil Aapke Paas Hai,158
Aiyaary,158
Fashion,158
Punjab 1984,158
You Carry Me,157
Dhan Dhana Dhan Goal,157
Travis Scott: Look Mom I Can Fly,85
Hurricane Bianca,85
Havenhurst,85
Jeff Dunham's Very Special Christmas Special,85
Katt Williams: Live,85
Miss Me This Christmas,85
You Can’t Fight Christmas,85
Blurred Lines: Inside the Art World,85
Nails,85
The Little Mermaid,85
The Mad Monk,85
Out of Thin Air,85
The Young Vagabond,85
An Upper Egyptian,85
Entanglement,85
Frat Star,85
The Detained,85
Dumb and Dumberer: When Harry Met Lloyd,85
Pedal the World,85
Winnie,85
Sunrise,85
The Babysitter,85
Blood Money,85
Phantom Boy,85
Horror Story,85
Sour Grapes,85
Mune: Guardian of the Moon,85
Carriers,85
Blockbuster,85
Getting Played,85
Hurricane Bianca: From Russia With Hate,85
Kahlil Gibran's The Prophet,85
Manson Family Vacation,85
Strike a Pose,85
14 Minutes from Earth,84
Terrifier,84
All Light Will End,84
"Houston, We Have a Problem!",84
Kita Kita,84
Under the Shadow,84
Casa de mi Padre,84
Opening Night,84
The Devil Inside,84
To Be a Miss,84
The Land of the Enlightened,84
Paris Is Us,84
Jeff Dunham: All Over the Map,84
The Incredible Jessica James,84
Bottom of the World,84
ReMastered: The Lion's Share,84
Compulsion,84
Léa & I,84
Louis C.K.: Hilarious,84
Max Rose,84
Chris D'Elia: Incorrigible,84
The Free Man,84
The Other One: The Long Strange Trip of Bob Weir,84
Mortified Nation,84
Lifechanger,84
Professor Mack,84
Judah Friedlander: America Is the Greatest Country in the United States,84
Welcome to Willits,84
Lovesong,84
(T)ERROR,84
"It's Okay, Buddy",84
Money,84
Newtown,84
For the Love of Benji,84
Take Me,84
Jewel's Catch One,84
Melvin Goes to Dinner,84
Mad Ron's Prevues from Hell,84
Océans,84
She's Gotta Have It,84
Rezeta,84
Slow West,84
Obvious Child,84
48 Christmas Wishes,84
The spiral,84
Hypersomnia,84
My Beautiful Broken Brain,84
Back to School,84
Why Knot,84
Tramps,83
Don Quixote: The Ingenious Gentleman of La Mancha,83
We Belong Together,83
All Good Ones Get Away,83
Lady-Like,83
The Crystal Calls Making the Dark Crystal: Age of Resistance,83
Rise of the Zombie,83
Fire in the Blood,83
Unruly Friends,83
Mostly Sunny,83
Monkey Up,83
Sample This,83
Radiopetti,83
The Gentleman Driver,83
SMOSH: The Movie,83
Hulk Vs.,83
Blessed Benefit,83
The Texas Chainsaw Massacre,83
Dear Dad,83
Naruto the Movie: Ninja Clash in the Land of Snow,83
Flock of Four,83
The Young Offenders,83
Asperger's Are Us,83
Us and Them,83
Blackfish,83
Me and the Alien,83
Sad Hill Unearthed,83
The Legacy of a Whitetail Deer Hunter,83
Bad Rap,83
Spy Kids 3: Game Over,83
Ralphie May: Unruly,83
Between Two Ferns: The Movie,83
Black Rose,83
The Bare-Footed Kid,83
Once in a Lifetime Sessions with Snow Patrol,83
Hot Girls Wanted,83
Barbie in Rock 'N Royals,83
Prosecuting Evil: The Extraordinary World of Ben Ferencz,83
Life in the Doghouse,83
Demonic,83
The Last Shaman,83
Martyrs of Marriage,83
Five Nights in Maine,83
Bad Match,83
Harry and Snowman,83
El club de los insomnes,82
Superstar,82
Lang Tong,82
The New Romantic,82
Casablancas: The Man Who Loved Women,82
National Lampoon's Loaded Weapon 1,82
Dr. Seuss' The Cat in the Hat,82
Why We Fight: The Battle of Russia,82
Echo in the Canyon,82
Pablo Escobar: Angel or Demon?,82
Keith Richards: Under the Influence,82
Wheelman,82
Pettersson and Findus 2,82
Hush,82
LoveTrue,82
Olmo & the Seagull,82
Treasures from the Wreck of the Unbelievable,82
Fun Mom Dinner,82
The lynx,82
Chicken Little,82
Daddy Issues,82
"27, el club de los malditos",82
Def Comedy Jam 25,82
The Breaker Upperers,82
Cutie and the Boxer,82
Growing Up Coy,82
Pahuna,82
My Own Man,82
Pahuyut Fighting Beat,82
Da Kath & Kim Code,82
Cats & Dogs: The Revenge of Kitty Galore,82
Emelie,82
Hot Property,82
Tree Man,82
S Is for Stanley,82
Young Tiger,81
American Anarchist,81
The Real Miyagi,81
Handsome: A Netflix Mystery Movie,81
Arctic Heart,81
At All Costs,81
Casting JonBenet,81
King Jack,81
Lavell Crawford: Can a Brother Get Some Love?,81
Blue Jay,81
Bill Burr: I'm Sorry You Feel That Way,81
West Coast,81
XX,81
The Tenth Man,81
To and From New York,81
Eric ldle's What About Dick?,81
Red Christmas,81
Crossroads: One Two Jaga,81
Menorca,81
Forbidden Games: The Justin Fashanu Story,81
Monster Island,81
The Burial of Kojo,81
The Rugrats Movie,81
Hey Arnold! The Jungle Movie,81
42 Grams,81
Jerry Seinfeld: Comedian,81
Pierre Jackson,81
Trailer Park Boys Live In F**kin' Dublin,81
Tarif de nuit,81
De Film van Dylan Haegens,81
Krisha,81
Teach Us All,81
Verónica,81
"Pizza, birra, faso",81
The Crew,81
The Squid and the Whale,81
Breaking Free,81
Beavis and Butt-head Do America,81
Misfit,81
Elena,81
I Lost My Body,81
"¡Ay, mi madre!",81
Bill Hicks: Sane Man,81
Expo,81
Roll Red Roll,80
I'll Sleep When I'm Dead,80
An American in Madras,80
Jeff Dunham: Minding the Monsters,80
The Apostate,80
Barbie: Princess Charm School,80
Mater,80
Highly Strung,80
Two Graves,80
Chris Brown: Welcome to My Life,80
Take the 10,80
6 Years,80
"Edmilson Filho: Notas, Comedy about Relationships",80
John Mellencamp: Plain Spoken,80
Creep 2,80
An American Tail,80
Namour,80
Aziz Ansari: Buried Alive,80
Life of An Outcast,80
Sky Ladder: The Art of Cai Guo-Qiang,80
A Haunting at Silver Falls: The Return,80
Sofía Niño de Rivera: Exposed,80
The Battered Bastards of Baseball,80
Without Gorky,80
Arès,80
Boy and the World,80
9,80
Red Trees,80
Jessica Darling's It List,80
Monty Python: Live at The Hollywood Bowl,80
My Babysitter's a Vampire: The Movie,80
Ricky Gervais: Humanity,79
Jiro Dreams of Sushi,79
The House on Coco Road,79
Barbie Star Light Adventure,79
Black & Privileged: Volume 1,79
El Viaje: Márama y Rombai,79
Boom,79
Black Man White Skin,79
Kung Fu Magoo,79
Hope Springs Eternal,79
Murder Party,79
John & Jane,79
Loving You,79
Defying the Nazis: The Sharps' War,79
Rugrats in Paris: The Movie,79
Franca: Chaos and Creation,79
Despite Everything,79
Once in a Lifetime Sessions with Kasabian,79
Happy Times,79
Hungerford,79
Transformer,79
Exit Strategy,79
Richard Pryor: Live in Concert,79
Mercury 13,79
Rolling Papers,79
An American Tail: The Treasures of Manhattan Island,79
"Aram, Aram",79
Hard Tide,79
Joshua: Teenager vs. Superpower,79
Hamza's Suitcase,79
Daniel Sosa: Sosafado,78
The Pirate Fairy,78
Vegas Baby,78
Water & Power: A California Heist,78
The Desert Bride,78
Who the F**k Is That Guy?,78
Fishtronaut: The Movie,78
23:59,78
Satan & Adam,78
Temple,78
Growing Up Wild,78
Minimalism: A Documentary About the Important Things,78
Burning Cane,78
Maddman: The Steve Madden Story,78
Yoko and His Friends,78
Skins,78
Happy Anniversary,78
The Accountant of Auschwitz,78
Todo lo que sería Lucas Lauriente,78
Leo the Lion,78
Iliza Shlesinger: Confirmed Kills,78
League of Legends Origins,78
Bill Burr: Walk Your Way Out,78
Creep,78
Ghost of the Mountains,78
Caida del Cielo,78
Tinker Bell and the Legend of the NeverBeast,78
Jen Kirkman: I'm Gonna Die Alone (And I Feel Fine),78
Joaquín Reyes: Una y no más,78
Balto 3: Wings of Change,78
Balto,78
Once in a Lifetime Sessions with George Ezra,78
Tyke Elephant Outlaw,78
Expedition China,78
Iliza Shlesinger: Unveiled,78
My Entire High School Sinking Into the Sea,77
GLOW: The Story of the Gorgeous Ladies of Wrestling,77
Jani Dueñas: Grandes fracasos de ayer y hoy,77
Sommore: Chandelier Status,77
Loving Annabelle,77
Iron Cowboy: The Story of the 50.50.50,77
7 años,77
Love Shot,77
The Rebound,77
Silicon Cowboys,77
Berserk: The Golden Age Arc I - The Egg of the King,77
Jim Gaffigan: Mr. Universe,77
Porto,77
Mumbai Cha Raja,77
Brené Brown: The Call to Courage,77
Jim Jefferies : BARE,77
Girls With Balls,77
This Was Tomorrow,77
A.M.I.,77
Paris Is Burning,77
Marvel & ESPN Films Present: 1 of 1: Genesis,77
Cave,77
City of Joy,77
The Pursuit,76
Sebastian Maniscalco: What's Wrong with People?,76
A new Capitalism,76
The Eyes of My Mother,76
Natalia Valdebenito: Gritona,76
Being Elmo: A Puppeteer's Journey,76
Salam - The First ****** Nobel Laureate,76
Desolation,76
The B-Side: Elsa Dorfman's Portrait Photography,76
Perú: Tesoro escondido,76
Monster High: Haunted,76
Only the Dead,76
Tunisian Victory,76
Dayveon,76
Jagat,76
Mac & Devin Go to High School,76
Burlesque: Heart of the Glitter Tribe,76
Chelsea Peretti: One of the Greats,75
Danur: I Can See Ghosts,75
Swearnet Live,75
When Hari Got Married,75
6 Balloons,75
An American Tail: Fievel Goes West,75
An American Tail: The Mystery of the Night Monster,75
Balto 2: Wolf Quest,75
The Incredible Story of the Giant Pear,75
Because of Soccer,75
Romina,75
100 Years: One Woman's Fight for Justice,75
Iliza Shlesinger: War Paint,75
Kevin Hart: Let Me Explain,75
Barbie: Spy Squad,75
Barbie: The Princess & the Popstar,75
SPF-18,75
Fary Is the New Black,75
Covered: Alive in Asia,75
Magnus,75
The Darkest Dawn,75
Jeff Foxworthy and Larry the Cable Guy: We’ve Been Thinking...,75
Joseph: King of Dreams,75
Shopkins: Wild,75
Marvel's Hulk: Where Monsters Dwell,75
Mantostaan,75
Catwalk: Tales from the Cat Show Circuit,75
Pacificum: Return to the Ocean,74
SunGanges,74
Barbie in Princess Power,74
Emma' (Mother),74
El sendero de la anaconda,74
Marvel Super Hero Adventures: Frost Fight!,74
Mountain,74
Withdrawn,74
Barbie in A Mermaid Tale,74
Jim Gaffigan: Cinco,74
ADAM SANDLER 100% FRESH,74
"Monster High: Frights, Camera, Action!",74
Tom Segura: Completely Normal,74
Catching the Sun,74
Monster High: Freaky Fusion,74
Paradox,74
Barbie & Her Sisters in a Pony Tale,74
Born to Be Free,74
Forever Chape,74
Bhasmasur,74
Belmonte,74
Steve Martin and Martin Short: An Evening You Will Forget for the Rest of Your Life,74
"Trailer Park Boys: Drunk, High and Unemployed: Live in Austin",74
Tom Segura: Mostly Stories,74
Louis C.K. 2017,74
Derren Brown: Miracle,74
Flavors of Youth: International Version,74
ReMastered: The Two Killings of Sam Cooke,74
David Cross: Making America Great Again!,73
Bebe's Kids,73
Russell Peters: Almost Famous,73
Bugs,73
"Ayotzinapa, el paso de la tortuga",73
Recall,73
Monster High 13 Wishes,73
My Little Pony Equestria Girls: Rainbow Rocks,73
My Little Pony Equestria Girls: Legend of Everfree,73
Peace Haven,73
El testigo,73
Naga The Eternal Yogi,73
Magic Snowflake,73
Warda,73
Welcome to Monster High: The Origin Story,73
Once in a Lifetime Sessions with OneRepublic,73
The Birth Reborn 3,73
Marco Luque: Tamo Junto,73
Homeland,73
Sons of Ben,73
Saving Capitalism,73
Hasan Minhaj: Homecoming King,73
Tarzan 2,72
Marvel's Iron Man & Hulk: Heroes United,72
Iliza Shlesinger: Elder Millennial,72
Russell Peters: Notorious,72
The Violin Player,72
Barbie: Video Game Hero,72
Perfect Bid: The Contestant Who Knew Too Much,72
Jim Gaffigan: Beyond the Pale,72
My Little Pony Equestria Girls: Friendship Games,72
"Monster High: Boo York, Boo York",72
Monster High: Great Scarrier Reef,72
Santa's Apprentice,72
Simplemente Manu NNa,72
French Dirty,72
Barbie: A Fairy Secret,72
Once In A Lifetime Sessions with TLC,72
Invader Zim: Enter the Florpus,72
The Bill Murray Stories: Life Lessons Learned From a Mythical Man,72
Iliza Shlesinger: Freezing Hot,72
Parrot Sketch Not Included: Twenty Years of Monty Python,72
Another Forever,72
Jim Gaffigan: King Baby,71
Mike Birbiglia: Thank God for Jokes,71
Shopkins: World Vacation,71
Radical: the Controversial Saga of Dada Figueiredo,71
Monster High: Ghouls Rule,71
Pachamama,71
Tom Segura: Disgraceful,71
Iron Man & Captain America: Heroes United,71
Sam Kinison: Live in Vegas,71
Jim Jefferies: This Is Me Now,71
The Heat: A Kitchen (R)evolution,71
Sarah Silverman A Speck of Dust,71
Stray Bullet,71
Los Herederos,71
Girlfriend's Day,71
ReMastered: The Miami Showband Massacre,71
Kathleen Madigan: Bothering Jesus,71
Jeff Dunham: Relative Disaster,71
Chelsea Handler: Uganda Be Kidding Me Live,71
Frank and Cindy,70
Judd Apatow: The Return,70
Jim Gaffigan: Obsessed,70
Marc Maron: Too Real,70
Feel Rich,70
The Last Resort,70
27: Gone Too Soon,70
Malibu Rescue,70
Hannah Gadsby: Nanette,70
Deon Cole: Cole Hearted,70
The Monster of Mangatiti,70
Once In A Lifetime Sessions with Nile Rodgers,70
Bert Kreischer: The Machine,70
Dancing Quietly,70
One in a Billion,70
Born in Gaza,70
Seth Rogen's Hilarity for Charity,70
Joan Rivers: Don't Start with Me,69
The Devil and Father Amorth,69
Derren Brown: The Push,69
Bill Burr: You People Are All the Same,69
Jerry Seinfeld: I'm Telling You for the Last Time,69
EVANGELION: DEATH (TRUE)²,69
Ralphie May: Imperfectly Yours,69
"Mariusz Kałamaga, Karol Kopiec, Wiolka Walaszczyk Hilarious Trio",69
Natalia Valdebenito: El especial,69
"Septiembre, un llanto en silencio",69
Countdown to Death: Pablo Escobar,69
Jinxed,69
Dieter Nuhr: Nuhr in Berlin,69
Russell Howard: Recalibrate,69
Escape from Mr. Lemoncello’s Library,69
Eddie Murphy: Delirious,69
Whindersson Nunes: Adult,69
Alexis Viera: A Story of Surviving,69
Jeff Dunham: Arguing with Myself,69
Coffee for All,69
City of God: 10 Years Later,69
Little Singham: Mahabali,69
Jen Kirkman: Just Keep Livin’?,69
Hannibal Buress: Comedy Camisado,68
최강전사 미니특공대 : 영웅의 탄생,68
Jack Whitehall: At Large,68
Gina Yashere: Laughing to America,68
My Life as a Zucchini,68
"Liar, Liar, Vampire",68
Wyatt Cenac: Brooklyn,68
Big Time Movie,68
A Fairly Odd Summer,68
LEGENDS OF THE HIDDEN TEMPLE,68
The Man Who Would Be Polka King,68
Little Singham aur Kaal ka Mahajaal,68
Patient Seventeen,68
Waterschool,68
Vir Das: Losing It,68
Dragonkala Ka Rahasya,68
Hari Kondabolu: Warn Your Relatives,67
Joe Mande’s Award-Winning Comedy Special,67
Maz Jobrani: Immigrant,67
Tellur Aliens,67
Carlos Ballarta: El amor es de putos,67
Kevin Hart: Seriously Funny,67
Jenny Slate: Stage Fright,67
Marlon Wayans: Woke-ish,67
Craig Ferguson: Tickle Fight,67
Little Singham Bandarpur Mein Hu Ha Hu,67
I'm Brent Morin,67
Cristela Alonzo: Lower Classy,67
Theo Von: No Offense,67
Trevor Noah: Afraid of the Dark,67
Bill Burr: Paper Tiger,67
Guatemala: Heart of the Mayan World,67
Katherine Ryan: Glitter Room,66
Dave Chappelle: Sticks & Stones,66
Wanda Sykes: Not Normal,66
The Cruise,66
Little Singham in London,66
Colin Quinn: Red State Blue State,66
Patton Oswalt: Talking for Clapping,66
Billy Graham: An Extraordinary Journey,66
Little Singham: Kaal Ki Tabaahi,66
Neal Brennan: 3 Mics,66
Louis C.K.: Live at the Comedy Store,66
Chris D'Elia: Man on Fire,66
Rodney Carrington: Here Comes the Truth,66
Vir Das: Abroad Understanding,66
Enissa Amani: Ehrenwort,66
Smash: Motorized Mayhem,66
Patton Oswalt: Annihilation,66
Luciano Mellera: Infantiloide,66
Once In A Lifetime Sessions with Noel Gallagher,66
Food on the Go,66
W. Kamau Bell: Private School Negro,66
Greg Davies: You Magnificent Beast,66
Franco Escamilla: Por la anécdota,66
Rory Scovel Tries Stand-Up for the First Time,66
DeRay Davis: How to Act Black,66
Aziz Ansari: RIGHT NOW,65
Grego Rossello: Disculpe las molestias,65
Samudri Lootere,65
Bill Burr: Let It Go,65
Sebastian Maniscalco: Stay Hungry,65
Krish Trish and Baltiboy: Best Friends Forever,65
Edoardo Ferrario: Temi Caldi,65
Krish Trish and Baltiboy: Oversmartness Never Pays,65
Chris Rock: Tamborine,65
"Karol Modzelewski, Łukasz „Lotek” Lodkowski No Offense",65
"Katarzyna Piasecka, Rafał Pacześ Seriously Funny",65
Donald Glover: Weirdo,65
John Mulaney: Kid Gorgeous at Radio City,65
Halo: The Fall of Reach,65
Antariksha Ke Rakhwale,65
ReMastered: Massacre at the Stadium,65
Fred Armisen: Standup For Drummers,65
Krish Trish and Baltiboy: Face Your Fears,65
"Hello, Privilege. It's Me, Chelsea",65
"Rafał Banaś, Michał Leja Laugh out Loud",64
Nikki Glaser: Bangin’,64
"Dana Carvey: Straight White Male, 60",64
Los Tigres del Norte at Folsom Prison,64
Mo Gilligan: Momentum,64
Ali Wong: Hard Knock Wife,64
Maria Bamford: Old Baby,64
Anjelah Johnson: Not Fancy,64
Joe Rogan: Strange Times,64
Katherine Ryan: In Trouble,64
Anthony Jeselnik: Fire in the Maternity Ward,64
Trevor Noah: Son of Patricia,64
Joe Rogan: Triggered,64
Barbie Dolphin Magic,64
Alien Contact: Outer Space,63
Kevin Hart's Guide to Black History,63
Chhota Bheem Aur Kaala Yodha,63
Children of God,63
Chingo Bling: They Can't Deport Us All,63
Bheemayan,63
Todd Glass: Act Happy,63
Yoo Byung Jae: Too Much Information,63
Aditi Mittal: Things They Wouldn't Let Me Say,63
Fernando Sanjiao: Hombre,63
"Ron White: If You Quit Listening, I'll Shut Up",63
"Tomasz Jachimek, Jacek Stramik Laugh at Live",63
The Best of Rafał Rutkowski Olka Szczęśniak,63
Carlos Ballarta: Furia Ñera,63
Rafinha Bastos: Ultimatum,63
Park Na-rae: Glamour Warning,63
Sebastian Maniscalco: Why Would You Do That,63
Mike Epps: Only One Mike,63
RUSSELL BRAND: RE:BIRTH,63
Brad Paisley's Comedy Rodeo,63
Super Bheem Bana Vajraveer,63
Know Your Enemy - Japan,63
Our Planet - Behind The Scenes,63
Jo Koy: Live from Seattle,63
Arsenio Hall: Smart & Classy,63
Reggie Watts: Spatial,62
Jim Norton: Mouthful of Shame,62
Krish Trish and Baltiboy: Battle of Wits,62
Chhota Bheem Ka Romani Adventure,62
Garfunkel and Oates: Trying to be Special,62
"Ken Jeong: You Complete Me, Ho",62
Harith Iskander: I Told You So,62
Kevin James: Never Don't Give Up,62
Jimmy Carr: Funny Business,62
Chhota Bheem Ka Troll Se Takkar,62
Miranda Sings Live…Your Welcome,62
Arango y Sanint: Ríase el show,62
Colin Quinn: The New York Story,62
Sofía Niño de Rivera: Selección Natural,62
Denis Leary: No Cure For Cancer,62
"Martin Matte: La vie, la mort...eh la la..!",62
Jerry Before Seinfeld,62
John Mulaney: The Comeback Kid,62
Roots,62
Demetri Martin: Live (At the Time),62
Seth Meyers: Lobby Baby,61
Nate Bargatze: The Tennessee Kid,61
Zach Galifianakis: Live at the Purple Onion,61
Michael Che Matters,61
Saeed Mirza: The Leftist Sufi,61
Todd Barry: Spicy Honey,61
Undercover: How to Operate Behind Enemy Lines,61
Francesco De Carlo: Cose di Questo Mondo,61
Katt Williams: Kattpacalypse,61
Amy Schumer Growing,61
Fishtail,61
Moshe Kasher: Live in Oakland,61
"Norm Macdonald: Hitler's Dog, Gossip & Trickery",61
Still LAUGH-IN: The Stars Celebrate,61
Bachelor Girls,61
Bill Hicks: Relentless,61
Oprah Presents When They See Us Now,61
War Against Women,61
Brian Regan: Nunchucks and Flamethrowers,61
Fakkah Fuzz: Almost Banned,61
My Next Guest with David Letterman and Shah Rukh Khan,61
Krish Trish and Baltiboy: Comics of India,61
Alejandro Riaño: Especial de stand up,60
Bo Burnham: Make Happy,60
Ali Wong: Baby Cobra,60
Krish Trish and Baltiboy: The Greatest Trick,60
John Mulaney: New in Town,60
Little Baby Bum: Nursery Rhyme Friends,60
Kevin Hart: Irresponsible,60
Katt Williams: Great America,60
Agustín Aristarán: Soy Rada,60
Jo Koy: Comin' In Hot,60
The Meaning of Monty Python,60
Cedric the Entertainer: Live from the Ville,60
The Carter Effect,60
Antoine Griezmann: The Making of a Legend,60
"Monster High: Scaris, City of Frights",60
GO! The Unforgettable Party,60
Mike Epps: Don't Take It Personal,60
Fabrizio Copano: Solo pienso en mi,60
Fireplace 4K: Crackling Birchwood from Fireplace for Your Home,60
Fireplace 4K: Classic Crackling Fireplace from Fireplace for Your Home,60
Bo Burnham: what.,60
Whitney Cummings: Can I Touch It?,59
Christina P: Mother Inferior,59
A Grand Night In: The Story of Aardman,59
Super Monsters Furever Friends,59
Anthony Jeselnik: Thoughts and Prayers,59
Adam Devine: Best Time of Our Lives,59
Enter the Anime,59
Tracy Morgan: Staying Alive,59
Nazi Concentration Camps,59
Ricardo Quevedo: Los amargados somos más,59
The Bomb,59
ReMastered: Tricky Dick & The Man in Black,59
"Ray Romano: Right Here, Around the Corner",59
Jeff Garlin: Our Man In Chicago,59
Ricardo Quevedo: Hay gente así,59
D.L. Hughley: Clear,59
Adel Karam: Live from Beirut,59
Liss Pereira: Reteniendo líquidos,59
Limitless,59
ReMastered: Who Killed Jam Master Jay?,59
Ghost Tears,58
Free Rein: The Twelve Neighs of Christmas,58
D.L. Hughley: Contrarian,58
The Truth About Alcohol,58
Tig Notaro Happy To Be Here,58
Gina Yashere: Skinny B*tch,58
The Tigers of Scotland,58
Monty Python: Live at Aspen,58
Jeff Dunham: Beside Himself,58
Little Baby Bum: Go Buster,58
Exit Afghanistan,58
Aziz Ansari Live at Madison Square Garden,58
Jimmy Carr: The Best of Ultimate Gold Greatest Hits,58
Krish Trish and Baltiboy: Part II,58
Krish Trish and Baltiboy,58
Ghost Pain,58
Gad Elmaleh: American Dream,58
Felipe Esparza: They're Not Going to Laugh at You,58
Let There Be Light,58
Ryan Hamilton: Happy Face,57
Mau Nieto: Viviendo sobrio… desde el bar,57
Coco y Raulito: Carrusel de ternura,57
ReMastered: Who Shot the Sheriff,57
Mo Amer: The Vagabond,57
A Very Murray Christmas,57
Gad Gone Wild,57
Bert Kreischer: Secret Time,57
Tom Papa Live in New York City,57
Grass,57
Amy Schumer: The Leather Special,57
Guy Martin: Last Flight of the Vulcan Bomber,57
Colin Quinn: Unconstitutional,56
Bill Hicks: Revelations,56
Koko: The Gorilla Who Talks,56
Monty Python: Before the Flying Circus,56
Maharaja: The Story of Ranjit Singh,56
#Rucker50,56
Ghost Whispers,56
Demetri Martin: The Overthinker,56
Mike Birbiglia: What I Should Have Said Was Nothing: Tales from My Secret Public Journal,56
Monty Python Conquers America,55
Power Rangers Super Megaforce: The Legendary Battle (Extended),55
Harlem Globetrotters: The Team That Changed the World,55
American Masters: Ted Williams,55
Secrets of Her Majesty's Secret Service,55
Secrets of Underground London,55
Secrets of Selfridges,55
Secrets of the Tower of London,55
Numbered,55
Daniel Sosa: Maleducado,55
Martin Luther: The Idea that Changed the World,55
Secrets of Scotland Yard,55
Secrets of Westminster,55
NOVA: Holocaust Escape Tunnel,54
NOVA: Death Dive to Saturn,54
NOVA: Killer Volcanoes,54
Secrets of Althorp - The Spencers,54
NOVA: Killer Floods,54
NOVA: Chinese Chariot Revealed,54
NOVA: Poisoned Water,54
Alan Saldaña: Mi vida de pobre,54
Secrets of Chatsworth,54
Mea Culpa,54
I Am Maris,54
Hitler's Steel Beast,54
Franco Escamilla: Bienvenido al mundo,54
Le serment des Hitler,54
Yoo Byung Jae: Discomfort Zone,54
Fadily Camara : La plus drôle de tes copines,54
Secrets of Henry VIII's Palace: Hampton Court,54
Secrets of Highclere Castle,54
"Alias JJ, la celebridad del mal",54
"Michael Bolton's Big, Sexy Valentine's Day Special",54
NOVA: Building Chernobyl's MegaTomb,53
Nova: Ultimate Mars Challenge,53
NOVA: Thai Cave Rescue,53
NOVA: Secrets of the Shining Knight,53
American Experience: Ruby Ridge,53
NOVA: First Face of America,53
NOVA: Extreme Animal Weapons,53
Kavin Jay: Everybody Calm Down!,53
Nature: Raising the Dinosaur Giant,53
Deathgrip,53
Twice,53
NOVA: Day the Dinosaurs Died,53
NOVA: Bird Brain,53
Rodney King,53
Saverio Raimondo: Il Satiro Parlante,53
3 Seconds Divorce,53
The Human Factor: The Untold Story of the Bombay Film Orchestras,53
American Experience: The Island Murder,53
Kill Hitler! The Luck of the Devil,53
The Creative Brain,53
Jesus: Countdown to Calvary,53
The World's Most Wanted Animal,53
NOVA: Eclipse Over America,53
NOVA: Prediction by the Numbers,53
"El Especial de Alex Fernández, el Especial",52
Frozen Planet: The Epic Journey,52
The Jack King Affair,52
Dancing with the Birds,52
NOVA: Killer Hurricanes,52
Stealing History,52
Simon Amstell: Set Free,52
Kygo: Live at the Hollywood Bowl,52
Beak & Brain: Genius Birds From Down Under,52
What Makes a Psychopath?,52
Prelude to War,52
Beary Tales,52
Saudi Arabia Uncovered,52
The Rat Race,52
Jugaad,52
E-Cigarettes: Miracle or Menace?,52
Concrete Football,52
Malena Pichot: Estupidez compleja,51
Bridget Christie: Stand Up for Her,51
Beat Bugs: All Together Now,51
Free Rein: Valentine's Day,51
Natascha Kampusch: The Whole Story,51
Lynne Koplitz: Hormonal Beast,51
"Club de Cuervos Presents: I, Potro",51
How to Win the US Presidency,51
Sam Kinison: Breaking the Rules,50
Not Alone,50
Lucas Brothers: On Drugs,50
Why Are We Getting So Fat?,50
Derren Brown: Sacrifice,50
Maria Bamford: The Special Special Special,50
Fishpeople,49
ReMastered: Devil at the Crossroads,49
Auschwitz: Blueprints of Genocide,49
Skydancers,49
Sam Kinison: Family Entertainment Hour,49
Elles ont toutes une histoire,49
Sebastián Marcelo Wainraich,49
World's Weirdest Homes,49
Meet the Trumps: From Immigrant to President,48
Pee-wee's Playhouse: Christmas Special,48
Whitney Cummings: Money Shot,48
LEGO House - Home of the Brick,48
Tayo the Little Bus Movie: Mission Ace,48
Frozen Planet: On Thin Ice,47
Spookley the Square Pumpkin,47
The Russian Revolution,47
How to Stage a Coup,47
Bob's Broken Sleigh,47
The Women Who Kill Lions,47
Trailer Park Boys: Say Goodnight to the Bad Guys,47
Ghost Patrol,47
Power Rangers Samurai: Clash of the Red Rangers,46
Todd Glass: Stand-Up Special,46
The Garden of Words,46
The Spooky Tale of Captain Underpants Hack-a-ween,46
True: Winter Wishes,46
Real Crime: Diamond Geezers,46
DreamWorks Home: For the Holidays,46
Trailer Park Boys: Xmas Special,46
Monster High: Why Do Ghouls Fall in Love?,46
Monster High: Friday Night Frights,46
Monster High: Fright On!,46
Real Crime: Supermarket Heist (Tesco Bomber),46
Rocko's Modern Life: Static Cling,46
Monster High: Escape from Skull Shores,46
WWII: Report from the Aleutians,45
Shopkins: Chef Club,45
Alpha and Omega 2: A Howl-iday Adventure,45
Cop Watchers,45
Katt Williams: The Pimp Chronicles: Pt. 1,45
Roberto Saviano: Writing Under Police Protection,45
Cultivating the Seas: History and Future of the Full-Cycle Cultured Kindai Tuna,45
Interview with a Serial Killer,45
Pac's Scary Halloween,44
Abominable Christmas,44
Santa Pac's Merry Berry Day,44
My Little Pony Equestria Girls: Rollercoaster of Friendship,44
Jackie: A Tale of Two Sisters,44
My Little Pony Equestria Girls: Forgotten Friendship,44
Amelia: A Tale of Two Sisters,44
100 Things to do Before High School,44
LEGO Ninjago: Masters of Spinjitzu: Day of the Departed,44
The Mitfords: A Tale of Two Sisters,44
Hitler's Olympics,44
JFK: The Making of a President,44
My Little Pony Friendship Is Magic: Best Gift Ever,44
The Last Hangover,44
A Russell Peters Christmas,44
Dear Dracula,43
Dream Big: Engineering Our World,42
National Parks Adventure,42
Thunderbolt,42
Sturgill Simpson Presents Sound & Fury,42
Kevin James: Sweat the Small Stuff,42
Kalki,41
The White Helmets,41
The Massively Mixed-Up Middle School Mystery,40
Long Shot,40
Cristina,40
Pocoyo Halloween: Space Halloween,40
End Game,40
Heroin(e),40
Under an Arctic Sky,40
Life Overtakes Me,40
All In My Family,40
The Negro Soldier,40
"The Memphis Belle: A Story of a
Flying Fortress",40
Fire in Paradise,40
Ladies First,40
Birders,38
Mariah Carey's Merriest Christmas,38
"We, the Marines",38
After Maria,38
13TH: A Conversation with Oprah Winfrey & Ava DuVernay,37
The House of Flowers Presents: The Funeral,36
"Out of Many, One",35
From One Second to the Next,35
Bill Hicks: Reflections,34
Party Monster: Scratching the Surface,33
"Frankenstein’s Monster’s Monster, Frankenstein",32
"Ram Dass, Going Home",32
The Search for Life in Space,32
San Pietro,32
One Last Shot,31
Ricardo O'Farrill: Abrazo navideño,31
Angela's Christmas,30
The Lonely Island Presents: The Unauthorized Bash Brothers Experience,30
A Tale of Two Kitchens,30
Tim Allen: Men Are Pigs,30
Tim Allen: ReWires America,30
Famous in Ahmedabad,29
Virunga: Gorillas in Peril,29
Splatter,29
Marco Polo: One Hundred Eyes,29
Mark Gatiss: A Study in Sherlock,29
Prince of Peoria: A Christmas Moose Miracle,29
Sam Kinison: The Scream Continues,29
Figaro Pho,29
A 3 Minute Hug,28
Resurface,28
"Lorena, Light-Footed Woman",28
Super Monsters and the Wish Star,28
Bill Hicks: One Night Stand,28
Dragons: Dawn of the Dragon Racers,27
Trolls Holiday Special,27
A StoryBots Christmas,26
Kung Fu Panda: Holiday,26
Period. End of Sentence.,26
Room on the Broom,26
BoJack Horseman Christmas Special: Sabrina's Christmas Wish,26
Super Monsters Save Halloween,25
Pocoyo & The Space Circus,25
LEGO Jurassic World: The Indominus Escape,25
Little Lunch: The Nightmare Before Graduation,25
Benji's Very Own Christmas Story,25
Extremis,25
True: Tricky Treat Day,24
Power Rangers: Megaforce: Raising Spirits,24
Refugee,24
True: Happy Hearts Day,24
Super Monsters: Vida's First Halloween,24
Across Grace Alley,24
"Power Rangers Samurai: Christmas Together, Friends Forever (Christmas Special)",24
True: Grabbleapple Harvest,24
Power Rangers: Megaforce: The Robo Knight Before Christmas,24
Lessons from a School Shooting: Notes from Dunblane,24
Pocoyo Special Sports,24
Puss in Book: Trapped in an Epic Tale,24
The Trader (Sovdagari),24
Power Rangers Samurai: Party Monsters (Halloween Special),24
Super Monsters Back to School,24
Power Rangers Super Samurai: Stuck on Christmas,24
Super Monsters Save Christmas,24
Oddbods: The Festive Menace,23
Power Rangers Super Samurai: Trickster Treat,23
Little Lunch: The Halloween Horror Story,23
Kung Fu Panda: Secrets of the Scroll,23
Oddbods: Party Monsters,23
Monster High: New Ghoul at School,23
Lego DC Comics: Batman Be-Leaguered,22
A Christmas Special: Miraculous: Tales of Ladybug & Cat Noir,22
LEGO Marvel Super Heroes: Guardians of the Galaxy,22
LEGO Marvel Super Heroes: Black Panther,22
LEGO: Marvel Super Heroes: Maximum Overload,22
Ghosts of Sugar Land,22
LEGO Marvel Super Heroes: Avengers Reassembled!,22
Jake's Buccaneer Blast,22
Calico Critters: The Treasure of Calico Village,22
Pocoyo Carnival,22
Pocoyo Halloween: Spooky Movies,22
Golden Time,22
Aggretsuko: We Wish You a Metal Christmas,22
Little Miss Sumo,20
Pocoyo & Cars,19
Michael Lost and Found,19
The Battle of Midway,18
ANIMA,15
Buddy Thunderstruck: The Maybe Pile,14
The Road to El Camino: Behind the Scenes of El Camino: A Breaking Bad Movie,14
Zion,12
Cosmos Laundromat: First Cycle,12
Calico Critters: A Town of Dreams,11
American Factory: A Conversation with the Obamas,10
Silent,3
